{"cameraMode":{"drawMode":0,"name":"Shaded","section":"Shading Mode"},"sceneLighting":true,"audioPlay":false,"sceneViewState":{"showFog":true,"showMaterialUpdate":false,"showSkybox":true,"showFlares":true,"showImageEffects":true,"showParticleSystems":true,"showVisualEffectGraphs":true,"m_FxEnabled":true},"in2DMode":false,"pivot":{"x":29.819602966308595,"y":-7.116954803466797,"z":-21.443283081054689},"rotation":{"x":0.14028708636760713,"y":0.34581634402275088,"z":-0.05237683653831482,"w":0.9262888431549072},"size":29.271141052246095,"orthographic":false}